id,time,band,rx_sign,rx_lat,rx_lon,rx_loc,tx_sign,tx_lat,tx_lon,tx_loc,distance,azimuth,rx_azimuth,frequency,power,snr,drift,version,code,date,time.1,power_watts,altitude_m,altitude_ft,type,alt
3728850598,2021-12-22 18:18:00,10,W9XA,41.854,-88.292,EN51uu,KD9ORR,41.479,-87.042,EN61,112,292,111,10140161,10,-21,0,1.3 Kiwi,1,2021-12-22,18:18:00,3000,9840,,8,3000
3728941170,2021-12-22 18:58:00,10,WA3TTS,40.563,-80.042,EN90xn,KD9ORR,41.688,-86.792,EN61oq,579,100,284,10140188,17,-27,0,2.5.0,1,2021-12-22,18:58:00,5100,16728,,8,5100
3728945792,2021-12-22 19:00:00,10,KX4O,38.646,-77.792,FM18cp,KD9ORR,41.563,-86.625,EN61qn,818,110,296,10140184,37,-26,0,WD_2.10k,1,2021-12-22,19:00:00,740,2427,,0,740
3729090939,2021-12-22 20:08:00,10,KM4BLG/SWL,35.521,-82.625,EM85qm,KD9ORR,40.479,-85.042,EN70,591,158,339,10140171,23,-24,0,2.4.0,1,2021-12-22,20:08:00,6900,22632,,8,6900
3731368467,2021-12-23 12:38:00,10,W3PM,34.729,-86.792,EM64or,KD9ORR,36.479,-73.042,FM36,1257,265,77,10140139,23,-26,1,WD_2.10k,1,2021-12-23,12:38:00,6900,22632,,8,6900
3731991944,2021-12-23 16:00:00,10,WD4ELG,36.188,-79.875,FM06be,KD9ORR,36.563,-70.625,FM46qn,829,270,84,10140149,33,-21,-1,2.5.0,1,2021-12-23,16:00:00,660,2165,,0,660
3732423551,2021-12-23 19:30:00,10,KD2OM,42.979,-77.458,FN12gx,KD9ORR,37.729,-67.458,FM67gr,1028,308,121,10140159,33,-18,0,WD_2.10k,1,2021-12-23,19:30:00,660,2165,,0,660
3732425049,2021-12-23 19:50:00,10,N2HQI,43.021,-76.458,FN13sa,KD9ORR,37.854,-67.125,FM67ku,976,309,122,10140180,27,-27,0,,1,2021-12-23,19:50:00,540,1771,,0,540
3734562949,2021-12-24 11:40:00,10,WA2TP,40.854,-73.042,FN30lu,KD9ORR,46.021,-40.458,GN96sa,2673,269,66,10140156,30,-27,0,WD_2.10k,1,2021-12-24,11:40:00,600,1968,,0,600
3734640740,2021-12-24 12:08:00,10,KD2OM,42.979,-77.458,FN12gx,KD9ORR,46.104,-39.875,HN06bc,2971,277,70,10140165,23,-15,0,WD_2.10k,1,2021-12-24,12:08:00,6900,22632,,8,6900
3734647497,2021-12-24 12:10:00,10,KD2OM,42.979,-77.458,FN12gx,KD9ORR,46.146,-39.625,HN06ed,2989,277,70,10140165,27,-13,0,WD_2.10k,1,2021-12-24,12:10:00,540,1771,,0,540
3734703529,2021-12-24 12:28:00,10,KD2OM,42.979,-77.458,FN12gx,KD9ORR,46.146,-39.625,HN06ed,2989,277,70,10140156,23,-21,0,WD_2.10k,1,2021-12-24,12:28:00,6900,22632,,8,6900
3734710228,2021-12-24 12:30:00,10,KD2OM,42.979,-77.458,FN12gx,KD9ORR,46.229,-39.042,HN06lf,3033,277,69,10140157,27,-21,0,WD_2.10k,1,2021-12-24,12:30:00,540,1771,,0,540
3734773010,2021-12-24 12:50:00,10,KD2OM,42.979,-77.458,FN12gx,KD9ORR,46.271,-38.542,HN06rg,3070,277,69,10140166,30,-24,0,WD_2.10k,1,2021-12-24,12:50:00,600,1968,,0,600
3734837819,2021-12-24 13:10:00,10,KD2OM,42.979,-77.458,FN12gx,KD9ORR,46.354,-37.958,HN16ai,3113,278,69,10140181,30,-26,0,WD_2.10k,1,2021-12-24,13:10:00,600,1968,,0,600
3735350713,2021-12-24 15:58:00,10,GM0UDL,57.604,-4.208,IO77vo,KD9ORR,46.563,-33.958,HN36an,2347,48,251,10140158,23,-28,0,,1,2021-12-24,15:58:00,6900,22632,,8,6900
3735354948,2021-12-24 16:00:00,10,GM0UDL,57.604,-4.208,IO77vo,KD9ORR,46.563,-33.375,HN36hn,2314,47,250,10140158,30,-30,0,,1,2021-12-24,16:00:00,600,1968,,0,600
3735481348,2021-12-24 16:50:00,10,GM0UDL,57.604,-4.208,IO77vo,KD9ORR,46.521,-31.958000000000002,HN46am,2238,46,248,10140156,30,-24,0,,1,2021-12-24,16:50:00,600,1968,,0,600
3737759685,2021-12-25 09:38:00,10,EA8BFK,28.604,-13.875,IL38bo,KD9ORR,40.729,-9.708,IN50dr,1401,197,14,10140167,23,-18,0,WD_2.10k,1,2021-12-25,09:38:00,6900,22632,,8,6900
3737822501,2021-12-25 09:58:00,10,EA8BFK,28.604,-13.875,IL38bo,KD9ORR,40.604,-9.542,IN50fo,1392,198,15,10140160,23,-15,0,WD_2.10k,1,2021-12-25,09:58:00,6900,22632,,8,6900
3737828075,2021-12-25 10:00:00,10,EA8BFK,28.604,-13.875,IL38bo,KD9ORR,40.354,-9.292,IN50ii,1372,199,16,10140160,37,-17,0,WD_2.10k,1,2021-12-25,10:00:00,740,2427,,0,740
3737886275,2021-12-25 10:20:00,10,EA8BFK,28.604,-13.875,IL38bo,KD9ORR,40.063,-9.042,IN50lb,1349,201,17,10140167,30,-7,-1,WD_2.10k,1,2021-12-25,10:20:00,600,1968,,0,600
3737945863,2021-12-25 10:40:00,10,EA8BFK,28.604,-13.875,IL38bo,KD9ORR,39.771,-8.875,IM59ns,1323,202,18,10140181,33,-22,0,WD_2.10k,1,2021-12-25,10:40:00,660,2165,,0,660
3737998645,2021-12-25 10:58:00,10,EA8BFK,28.604,-13.875,IL38bo,KD9ORR,39.604,-8.708,IM59po,1312,203,19,10140188,23,-21,2,WD_2.10k,1,2021-12-25,10:58:00,6900,22632,,8,6900
3738058433,2021-12-25 11:18:00,10,EA8BFK,28.604,-13.875,IL38bo,KD9ORR,39.271,-8.542,IM59rg,1283,204,21,10140220,23,-19,0,WD_2.10k,1,2021-12-25,11:18:00,6900,22632,,8,6900
3738064808,2021-12-25 11:20:00,10,EA8BFK,28.604,-13.875,IL38bo,KD9ORR,39.104,-8.375,IM59tc,1273,205,22,10140220,37,-18,0,WD_2.10k,1,2021-12-25,11:20:00,740,2427,,0,740
3738115396,2021-12-25 11:38:00,10,EA8BFK,28.604,-13.875,IL38bo,KD9ORR,38.938,-8.292,IM58uw,1259,206,22,10140275,23,-20,0,WD_2.10k,1,2021-12-25,11:38:00,6900,22632,,8,6900
3738121521,2021-12-25 11:40:00,10,EA8BFK,28.604,-13.875,IL38bo,KD9ORR,38.729,-8.208,IM58vr,1241,207,23,10140273,37,-14,0,WD_2.10k,1,2021-12-25,11:40:00,740,2427,,0,740
3738174148,2021-12-25 11:58:00,10,EA8BFK,28.604,-13.875,IL38bo,KD9ORR,38.479,-7.042000000000001,IM68,1267,212,28,10140155,23,-22,-1,WD_2.10k,1,2021-12-25,11:58:00,6900,22632,,8,6900
3738237188,2021-12-25 12:20:00,10,EA8BFK,28.604,-13.875,IL38bo,KD9ORR,37.979,-7.792000000000001,IM67cx,1185,210,26,10140211,33,-18,3,WD_2.10k,1,2021-12-25,12:20:00,660,2165,,0,660
3738297550,2021-12-25 12:40:00,10,EA8BFK,28.604,-13.875,IL38bo,KD9ORR,37.604,-7.542000000000001,IM67fo,1161,212,28,10140239,33,-20,0,WD_2.10k,1,2021-12-25,12:40:00,660,2165,,0,660
3738352436,2021-12-25 12:58:00,10,EA8BFK,28.604,-13.875,IL38bo,KD9ORR,37.396,-7.457999999999999,IM67gj,1145,213,29,10140131,23,-17,-2,WD_2.10k,1,2021-12-25,12:58:00,6900,22632,,8,6900
3738417840,2021-12-25 13:18:00,10,EA8BFK,28.604,-13.875,IL38bo,KD9ORR,36.979,-7.292000000000001,IM66ix,1115,215,31,10140280,23,-15,2,WD_2.10k,1,2021-12-25,13:18:00,6900,22632,,8,6900
3738424780,2021-12-25 13:20:00,10,EA8BFK,28.604,-13.875,IL38bo,KD9ORR,36.771,-7.207999999999999,IM66js,1101,216,32,10140281,37,-14,0,WD_2.10k,1,2021-12-25,13:20:00,740,2427,,0,740
3738481607,2021-12-25 13:38:00,10,EA8BFK,28.604,-13.875,IL38bo,KD9ORR,36.604,-7.125,IM66ko,1091,217,33,10140268,23,-16,-1,WD_2.10k,1,2021-12-25,13:38:00,6900,22632,,8,6900
3738488489,2021-12-25 13:40:00,10,EA8BFK,28.604,-13.875,IL38bo,KD9ORR,36.396,-7.042000000000001,IM66lj,1077,218,34,10140266,37,-15,-2,WD_2.10k,1,2021-12-25,13:40:00,740,2427,,0,740
3738545223,2021-12-25 13:58:00,10,EA8BFK,28.604,-13.875,IL38bo,KD9ORR,35.479,-7.042000000000001,IM65,999,222,38,10140248,23,-16,0,WD_2.10k,1,2021-12-25,13:58:00,6900,22632,,8,6900
3738550652,2021-12-25 14:00:00,10,EA8BFK,28.604,-13.875,IL38bo,KD9ORR,35.979,-6.875,IM65nx,1051,221,36,10140241,30,-11,0,WD_2.10k,1,2021-12-25,14:00:00,600,1968,,0,600
3738605708,2021-12-25 14:18:00,10,EA8BFK,28.604,-13.875,IL38bo,KD9ORR,35.729,-6.792000000000001,IM65or,1035,222,38,10140199,23,-15,0,WD_2.10k,1,2021-12-25,14:18:00,6900,22632,,8,6900
3738612810,2021-12-25 14:20:00,10,EA8BFK,28.604,-13.875,IL38bo,KD9ORR,35.521,-6.707999999999999,IM65pm,1023,223,39,10140186,33,-22,-2,WD_2.10k,1,2021-12-25,14:20:00,660,2165,,0,660
3738671060,2021-12-25 14:38:00,10,EA8BFK,28.604,-13.875,IL38bo,KD9ORR,35.271,-6.625,IM65qg,1008,225,40,10140244,23,-19,-2,WD_2.10k,1,2021-12-25,14:38:00,6900,22632,,8,6900
3738678135,2021-12-25 14:40:00,10,EA8BFK,28.604,-13.875,IL38bo,KD9ORR,35.021,-6.542000000000001,IM65ra,994,226,42,10140243,33,-18,0,WD_2.10k,1,2021-12-25,14:40:00,660,2165,,0,660
3738734117,2021-12-25 14:58:00,10,EA8BFK,28.604,-13.875,IL38bo,KD9ORR,34.771,-6.457999999999999,IM64ss,981,228,43,10140141,23,-13,0,WD_2.10k,1,2021-12-25,14:58:00,6900,22632,,8,6900
3738740616,2021-12-25 15:00:00,10,EA8BFK,28.604,-13.875,IL38bo,KD9ORR,34.521,-6.375,IM64tm,968,229,45,10140133,33,-19,0,WD_2.10k,1,2021-12-25,15:00:00,660,2165,,0,660
3738793715,2021-12-25 15:18:00,10,EA8BFK,28.604,-13.875,IL38bo,KD9ORR,34.271,-6.375,IM64tg,950,230,46,10140178,23,-19,-1,WD_2.10k,1,2021-12-25,15:18:00,6900,22632,,8,6900
3738829311,2021-12-25 15:30:00,10,EA8BFK,28.604,-13.875,IL38bo,KD9ORR,33.771,-6.207999999999999,IM63vs,928,234,49,10140159,37,-21,0,WD_2.10k,1,2021-12-25,15:30:00,740,2427,,0,740
3738969703,2021-12-25 16:28:00,10,EA8BFK,28.604,-13.875,IL38bo,KD9ORR,32.646,-5.957999999999999,IM72ap,880,241,57,10140187,23,-23,0,WD_2.10k,1,2021-12-25,16:28:00,6900,22632,,8,6900
3738975224,2021-12-25 16:30:00,10,EA8BFK,28.604,-13.875,IL38bo,KD9ORR,32.438,-5.875,IM72bk,876,243,58,10140186,43,-17,0,WD_2.10k,1,2021-12-25,16:30:00,860,2821,,0,860
3740872882,2021-12-26 07:38:00,10,EA8BFK,28.604,-13.875,IL38bo,KD9ORR,19.479,-1.042,IK99,1650,310,125,10140158,23,-18,0,WD_2.10k,1,2021-12-26,07:38:00,6900,22632,,8,6900
3740879061,2021-12-26 07:40:00,10,EA8BFK,28.604,-13.875,IL38bo,KD9ORR,19.521,-0.042,IK99xm,1728,308,122,10140157,37,-23,0,WD_2.10k,1,2021-12-26,07:40:00,740,2427,,0,740
3741781979,2021-12-26 13:08:00,14,EA8BFK,28.604,-13.875,IL38bo,KD9ORR,17.479,4.958,JK27,2285,306,118,14097121,23,-15,0,WD_2.10k,1,2021-12-26,13:08:00,6900,22632,,8,6900
3741853482,2021-12-26 13:30:00,14,EA8BFK,28.604,-13.875,IL38bo,KD9ORR,17.313,4.708,JK27ih,2275,307,119,14097010,50,-16,2,WD_2.10k,1,2021-12-26,13:30:00,1000,3280,,0,1000
3742149675,2021-12-26 15:08:00,14,DJ6CX,47.646,13.042,JN67mp,KD9ORR,17.479,6.957999999999999,JK37,3400,8,191,14097120,23,-20,1,2.3.1,1,2021-12-26,15:08:00,6900,22632,,8,6900
3742159170,2021-12-26 15:10:00,14,HB9TMC,46.396,8.958,JN46lj,KD9ORR,17.146,6.292000000000001,JK37dd,3262,4,185,14097099,47,-17,0,DS_0.34.1,1,2021-12-26,15:10:00,940,3083,,0,940
3744127966,2021-12-27 06:18:00,10,DK6UG,49.521,8.208,JN49cm,KD9ORR,24.479,22.958000000000002,KL14,3064,339,149,10140155,23,-22,0,,1,2021-12-27,06:18:00,6900,22632,,8,6900
3744132382,2021-12-27 06:20:00,10,DK6UG,49.521,8.208,JN49cm,KD9ORR,24.146,22.375,KL14ed,3079,340,151,10140155,47,-24,0,,1,2021-12-27,06:20:00,940,3083,,0,940
3744912251,2021-12-27 10:58:00,14,ON5KQ,50.771,3.208,JO10os,KD9ORR,26.563000000000002,27.208000000000002,KL36on,3372,329,133,14097118,23,-15,-4,WD_2.10k,1,2021-12-27,10:58:00,6900,22632,,8,6900
3745222946,2021-12-27 12:38:00,14,DK6UG,49.521,8.208,JN49cm,KD9ORR,27.146,28.958000000000002,KL47ld,3055,330,136,14097109,23,-19,-1,,1,2021-12-27,12:38:00,6900,22632,,8,6900
3745326005,2021-12-27 13:10:00,14,ON5KQ,50.771,3.208,JO10os,KD9ORR,27.354,29.791999999999998,KL47vi,3434,327,129,14097091,37,-15,-1,WD_2.10k,1,2021-12-27,13:10:00,740,2427,,0,740
3747772993,2021-12-28 06:40:00,14,LX1DQ,49.688,6.207999999999999,JN39cq,KD9ORR,31.729,43.792,LM11vr,3688,314,108,14097085,0,-16,-1,WD_2.10k,1,2021-12-28,06:40:00,0,0,,0,0
3747861592,2021-12-28 07:20:00,14,IW2NKE,43.646,13.125,JN63np,KD9ORR,31.896,44.375,LM21ev,3018,305,105,14097151,0,-22,-2,,1,2021-12-28,07:20:00,0,0,,0,0
3748137376,2021-12-28 08:58:00,14,4Z7GUL-1,32.188,34.875,KM72ke,KD9ORR,32.479,46.958,LM32,1135,272,85,14097137,23,-22,1,WD_2.10k,1,2021-12-28,08:58:00,6900,22632,,8,6900
3748446053,2021-12-28 10:38:00,14,TA4/G8SCU,36.604,31.791999999999998,KM56vo,KD9ORR,32.188,47.042,LM32me,1481,294,104,14097126,23,-20,-3,SparkSDR,1,2021-12-28,10:38:00,6900,22632,,8,6900
3751311523,2021-12-29 06:20:00,14,OZ7IT,55.229,12.292,JO65df,KD9ORR,26.938000000000002,65.625,ML26tw,5281,322,104,14097200,43,-24,-4,2.1.0,1,2021-12-29,06:20:00,860,2821,,0,860
3751383325,2021-12-29 06:58:00,14,OZ7IT,55.229,12.292,JO65df,KD9ORR,26.479,66.958,ML36,5403,322,103,14097051,23,-24,4,2.1.0,1,2021-12-29,06:58:00,6900,22632,,8,6900
3751387127,2021-12-29 07:00:00,14,OZ7IT,55.229,12.292,JO65df,KD9ORR,26.563000000000002,66.208,ML36cn,5349,322,103,14097053,43,-25,-1,2.1.0,1,2021-12-29,07:00:00,860,2821,,0,860
3751425813,2021-12-29 07:18:00,14,OZ7IT,55.229,12.292,JO65df,KD9ORR,26.563000000000002,66.208,ML36cn,5349,322,103,14097116,23,-26,1,2.1.0,1,2021-12-29,07:18:00,6900,22632,,8,6900
3751572034,2021-12-29 08:18:00,14,VU2PTT,12.979000000000001,77.625,MK82tx,KD9ORR,25.479,66.958,ML35,1783,139,322,14097126,23,-25,1,CWSL_DIGI,1,2021-12-29,08:18:00,6900,22632,,8,6900
3751747082,2021-12-29 09:18:00,14,VU2PTT,12.979000000000001,77.625,MK82tx,KD9ORR,25.479,68.958,ML45,1660,145,328,14097141,23,-31,0,CWSL_DIGI,1,2021-12-29,09:18:00,6900,22632,,8,6900
3751753731,2021-12-29 09:20:00,14,VU2PTT,12.979000000000001,77.625,MK82tx,KD9ORR,25.229,68.375,ML45ef,1672,143,325,14097141,43,-25,0,CWSL_DIGI,1,2021-12-29,09:20:00,860,2821,,0,860
3751983715,2021-12-29 10:38:00,14,VU2PTT,12.979000000000001,77.625,MK82tx,KD9ORR,24.479,68.958,ML44,1570,143,325,14097202,23,-24,2,CWSL_DIGI,1,2021-12-29,10:38:00,6900,22632,,8,6900
3751989417,2021-12-29 10:40:00,14,VU2PTT,12.979000000000001,77.625,MK82tx,KD9ORR,24.396,69.542,ML44sj,1527,145,327,14097204,47,-24,2,CWSL_DIGI,1,2021-12-29,10:40:00,940,3083,,0,940
3752047604,2021-12-29 11:00:00,14,VK1FOC/4,-27.104,152.792,QG62jv,KD9ORR,24.188000000000002,69.792,ML44ve,10567,118,294,14097087,47,-21,0,2.5.2,1,2021-12-29,11:00:00,940,3083,,0,940
3752160326,2021-12-29 11:40:00,14,VK1FOC/4,-27.104,152.792,QG62jv,KD9ORR,23.771,70.375,ML53es,10493,118,294,14097087,47,-24,0,2.5.2,1,2021-12-29,11:40:00,940,3083,,0,940
3754410992,2021-12-30 02:38:00,14,EA8BFK,28.604,-13.875,IL38bo,KD9ORR,16.479,82.958,NK16,9780,299,72,14097078,23,-23,0,WD_2.10k,1,2021-12-30,02:38:00,6900,22632,,8,6900
3754484923,2021-12-30 03:18:00,14,VU2EHJ,26.188000000000002,93.875,NL66we,KD9ORR,16.479,82.958,NK16,1562,44,228,14097144,23,-16,-2,v1.1.0,1,2021-12-30,03:18:00,6900,22632,,8,6900
3754523727,2021-12-30 03:38:00,14,VU2EHJ,26.188000000000002,93.875,NL66we,KD9ORR,15.479000000000001,82.958,NK15,1643,42,225,14097162,23,-19,0,v1.1.0,1,2021-12-30,03:38:00,6900,22632,,8,6900
3754527661,2021-12-30 03:40:00,14,VU2PTT,12.979000000000001,77.625,MK82tx,KD9ORR,15.937999999999999,82.792,NK15jw,646,240,58,14097170,53,-19,-2,CWSL_DIGI,1,2021-12-30,03:40:00,1060,3477,,0,1060
3754599229,2021-12-30 04:18:00,14,VU2PTT,12.979000000000001,77.625,MK82tx,KD9ORR,15.895999999999999,83.042,NK15mv,667,242,60,14097065,23,-17,-1,CWSL_DIGI,1,2021-12-30,04:18:00,6900,22632,,8,6900
3754640574,2021-12-30 04:38:00,14,VU2PTT,12.979000000000001,77.625,MK82tx,KD9ORR,15.895999999999999,83.042,NK15mv,667,242,60,14097117,23,-16,1,CWSL_DIGI,1,2021-12-30,04:38:00,6900,22632,,8,6900
3754644650,2021-12-30 04:40:00,14,VU2PTT,12.979000000000001,77.625,MK82tx,KD9ORR,15.854000000000001,83.458,NK15ru,705,244,62,14097117,47,-18,0,CWSL_DIGI,1,2021-12-30,04:40:00,940,3083,,0,940
3754960001,2021-12-30 07:18:00,14,VU2PTT,12.979000000000001,77.625,MK82tx,KD9ORR,15.479000000000001,84.958,NK25,838,252,69,14097047,23,-21,0,CWSL_DIGI,1,2021-12-30,07:18:00,6900,22632,,8,6900
3754962554,2021-12-30 07:20:00,14,VU2PTT,12.979000000000001,77.625,MK82tx,KD9ORR,15.770999999999999,85.375,NK25qs,890,251,68,14097047,50,-23,0,CWSL_DIGI,1,2021-12-30,07:20:00,1000,3280,,0,1000
3755007027,2021-12-30 07:38:00,14,VU2PTT,12.979000000000001,77.625,MK82tx,KD9ORR,15.770999999999999,85.375,NK25qs,890,251,68,14097126,23,-21,-1,CWSL_DIGI,1,2021-12-30,07:38:00,6900,22632,,8,6900
3755012037,2021-12-30 07:40:00,14,VU2PTT,12.979000000000001,77.625,MK82tx,KD9ORR,15.770999999999999,85.625,NK25ts,916,251,69,14097128,50,-20,2,CWSL_DIGI,1,2021-12-30,07:40:00,1000,3280,,0,1000
3755059661,2021-12-30 07:58:00,14,VU2PTT,12.979000000000001,77.625,MK82tx,KD9ORR,15.770999999999999,85.625,NK25ts,916,251,69,14097141,23,-23,-2,CWSL_DIGI,1,2021-12-30,07:58:00,6900,22632,,8,6900
3755062437,2021-12-30 08:00:00,14,VU2PTT,12.979000000000001,77.625,MK82tx,KD9ORR,15.729000000000001,85.875,NK25wr,940,252,70,14097138,50,-24,-4,CWSL_DIGI,1,2021-12-30,08:00:00,1000,3280,,0,1000
3755116343,2021-12-30 08:20:00,14,VU2PTT,12.979000000000001,77.625,MK82tx,KD9ORR,15.729000000000001,86.125,NK35br,965,253,70,14097040,50,-23,0,CWSL_DIGI,1,2021-12-30,08:20:00,1000,3280,,0,1000
3755165837,2021-12-30 08:38:00,14,VU2PTT,12.979000000000001,77.625,MK82tx,KD9ORR,15.729000000000001,86.125,NK35br,965,253,70,14097210,23,-23,0,CWSL_DIGI,1,2021-12-30,08:38:00,6900,22632,,8,6900
3755170304,2021-12-30 08:40:00,14,VU2PTT,12.979000000000001,77.625,MK82tx,KD9ORR,15.729000000000001,86.375,NK35er,991,253,70,14097210,53,-23,0,CWSL_DIGI,1,2021-12-30,08:40:00,1060,3477,,0,1060
3755222292,2021-12-30 08:58:00,14,VU2PTT,12.979000000000001,77.625,MK82tx,KD9ORR,15.729000000000001,86.375,NK35er,991,253,70,14097208,23,-23,0,CWSL_DIGI,1,2021-12-30,08:58:00,6900,22632,,8,6900
3755279827,2021-12-30 09:18:00,14,VU2PTT,12.979000000000001,77.625,MK82tx,KD9ORR,15.729000000000001,86.375,NK35er,991,253,70,14097196,23,-24,2,CWSL_DIGI,1,2021-12-30,09:18:00,6900,22632,,8,6900
3755282894,2021-12-30 09:20:00,14,VU2PTT,12.979000000000001,77.625,MK82tx,KD9ORR,15.729000000000001,86.875,NK35kr,1042,254,71,14097195,53,-22,0,CWSL_DIGI,1,2021-12-30,09:20:00,1060,3477,,0,1060
3757735413,2021-12-31 01:58:00,14,VR2BG,22.354,114.125,OL72bi,KD9ORR,17.479,96.958,NK87,1873,70,256,14097110,23,-17,0,2.2.0-rc15,1,2021-12-31,01:58:00,6900,22632,,8,6900
3757857721,2021-12-31 03:00:00,14,VR2BG,22.354,114.125,OL72bi,KD9ORR,17.479,97.375,NK87ql,1832,70,255,14097164,57,-20,0,2.2.0-rc15,1,2021-12-31,03:00:00,1140,3739,,0,1140
3757892520,2021-12-31 03:18:00,14,VR2BG,22.354,114.125,OL72bi,KD9ORR,17.479,97.375,NK87ql,1832,70,255,14097080,23,-24,-1,2.2.0-rc15,1,2021-12-31,03:18:00,6900,22632,,8,6900
3757929943,2021-12-31 03:38:00,14,VR2BG,22.354,114.125,OL72bi,KD9ORR,17.604,97.625,NK87to,1802,70,255,14097130,23,-22,0,2.2.0-rc15,1,2021-12-31,03:38:00,6900,22632,,8,6900
3757970656,2021-12-31 04:00:00,14,BR7IAF/2,21.646,111.708,OL51up,KD9ORR,17.813,98.042,NK97at,1492,71,255,14097188,57,-26,1,1.3 Kiwi,1,2021-12-31,04:00:00,1140,3739,,0,1140
3758007322,2021-12-31 04:20:00,14,VR2BG,22.354,114.125,OL72bi,KD9ORR,17.896,98.292,NK97dv,1725,71,256,14097164,57,-24,3,2.2.0-rc15,1,2021-12-31,04:20:00,1140,3739,,0,1140
3758043511,2021-12-31 04:38:00,14,VR2BG,22.354,114.125,OL72bi,KD9ORR,18.479,98.958,NK98,1637,72,257,14097079,23,-20,-1,2.2.0-rc15,1,2021-12-31,04:38:00,6900,22632,,8,6900
3758046721,2021-12-31 04:40:00,14,VR2BG,22.354,114.125,OL72bi,KD9ORR,18.021,98.458,NK98fa,1703,71,256,14097081,57,-22,1,2.2.0-rc15,1,2021-12-31,04:40:00,1140,3739,,0,1140
3758163790,2021-12-31 05:40:00,14,VR2BG,22.354,114.125,OL72bi,KD9ORR,18.354,99.208,NK98oi,1617,72,256,14097194,57,-26,-2,2.2.0-rc15,1,2021-12-31,05:40:00,1140,3739,,0,1140
3758199745,2021-12-31 05:58:00,14,VR2BG,22.354,114.125,OL72bi,KD9ORR,18.354,99.208,NK98oi,1617,72,256,14097139,23,-28,-1,2.2.0-rc15,1,2021-12-31,05:58:00,6900,22632,,8,6900
3758204034,2021-12-31 06:00:00,14,BD7MQB,22.563000000000002,114.042,OL72an,KD9ORR,18.479,99.458,NK98rl,1584,71,256,14097153,57,-26,4,DS_2.3.0,1,2021-12-31,06:00:00,1140,3739,,0,1140
3758237013,2021-12-31 06:18:00,14,VU2EHJ,26.188000000000002,93.875,NL66we,KD9ORR,18.479,99.458,NK98rl,1031,327,145,14097028,23,-24,1,v1.1.0,1,2021-12-31,06:18:00,6900,22632,,8,6900
3758317799,2021-12-31 06:58:00,14,VR2BG,22.354,114.125,OL72bi,KD9ORR,18.479,100.958,OK08,1437,70,254,14097148,23,-25,0,2.2.0-rc15,1,2021-12-31,06:58:00,6900,22632,,8,6900
3758323559,2021-12-31 07:00:00,14,BD7MQB,22.563000000000002,114.042,OL72an,KD9ORR,18.813,100.125,OK08bt,1506,72,256,14097168,57,-25,1,DS_2.3.0,1,2021-12-31,07:00:00,1140,3739,,0,1140
3758528215,2021-12-31 08:18:00,14,BD7MQB,22.563000000000002,114.042,OL72an,KD9ORR,19.104,100.875,OK09kc,1421,72,256,14097226,23,-25,0,DS_2.3.0,1,2021-12-31,08:18:00,6900,22632,,8,6900
3758686329,2021-12-31 09:10:00,14,VR2BG,22.354,114.125,OL72bi,KD9ORR,19.479,101.792,OK09vl,1320,74,258,14097114,57,-24,0,2.2.0-rc15,1,2021-12-31,09:10:00,1140,3739,,0,1140
3761064375,2022-01-01 00:50:00,14,JJ8NTM,42.354,142.375,QN12ei,KD9ORR,25.063000000000002,117.125,OL85nb,3005,44,238,14097088,53,-27,0,1.3 Kiwi,1,2022-01-01,00:50:00,1060,3477,,0,1060
3761206964,2022-01-01 02:08:00,14,BV5AC,23.896,120.542,PL03gv,KD9ORR,25.479,118.958,OL95,238,137,318,14097053,23,-25,-3,1.3 Kiwi,1,2022-01-01,02:08:00,6900,22632,,8,6900
3761210995,2022-01-01 02:10:00,14,BV5AC,23.896,120.542,PL03gv,KD9ORR,25.438000000000002,118.792,OL95jk,246,134,314,14097052,53,-26,-3,1.3 Kiwi,1,2022-01-01,02:10:00,1060,3477,,0,1060
3761246659,2022-01-01 02:30:00,14,BV5AC,23.896,120.542,PL03gv,KD9ORR,25.521,119.208,OL95om,225,143,323,14097102,57,-20,0,1.3 Kiwi,1,2022-01-01,02:30:00,1140,3739,,0,1140
3761328804,2022-01-01 03:18:00,10,BV7AU,22.771,120.542,PL02gs,KD9ORR,25.604,120.125,PL05bo,318,172,352,10140259,23,-27,-1,1.3 Kiwi,1,2022-01-01,03:18:00,6900,22632,,8,6900
3761380383,2022-01-01 03:48:00,14,BV3UN,25.063000000000002,121.292,PL05pb,KD9ORR,25.646,120.625,PL05hp,93,134,314,14097110,23,-18,0,1.3 Kiwi,1,2022-01-01,03:48:00,6900,22632,,8,6900
3761384419,2022-01-01 03:50:00,14,BV3UN,25.063000000000002,121.292,PL05pb,KD9ORR,25.646,121.125,PL05np,67,165,345,14097109,53,-14,-2,1.3 Kiwi,1,2022-01-01,03:50:00,1060,3477,,0,1060
3761423843,2022-01-01 04:18:00,10,BM2KVV,25.104,121.792,PL05vc,KD9ORR,25.688000000000002,121.625,PL05tq,67,165,345,10140225,23,-25,0,1.3 Kiwi,1,2022-01-01,04:18:00,6900,22632,,8,6900
3761426877,2022-01-01 04:20:00,10,BM2KVV,25.104,121.792,PL05vc,KD9ORR,25.729,121.875,PL05wr,70,187,6,10140225,53,-25,0,1.3 Kiwi,1,2022-01-01,04:20:00,1060,3477,,0,1060
3761442414,2022-01-01 04:28:00,14,BM2KVV,25.104,121.792,PL05vc,KD9ORR,25.479,122.958,PL15,124,251,70,14097110,23,-12,1,1.3 Kiwi,1,2022-01-01,04:28:00,6900,22632,,8,6900
3761506474,2022-01-01 05:10:00,14,BD7MQB,22.563000000000002,114.042,OL72an,KD9ORR,25.771,123.125,PL15ns,988,251,67,14097068,53,-21,1,DS_2.3.0,1,2022-01-01,05:10:00,1060,3477,,0,1060
3761537819,2022-01-01 05:30:00,14,BM2KVV,25.104,121.792,PL05vc,KD9ORR,25.813000000000002,123.625,PL15tt,200,247,66,14097057,53,-23,-1,1.3 Kiwi,1,2022-01-01,05:30:00,1060,3477,,0,1060
3761548905,2022-01-01 05:38:00,10,BV5ON,23.438000000000002,121.375,PL03qk,KD9ORR,25.813000000000002,123.625,PL15tt,349,221,40,10140102,27,-25,-1,1.3 Kiwi,1,2022-01-01,05:38:00,8100,26568,,8,8100
3761580940,2022-01-01 05:58:00,10,BV2YD,23.438000000000002,121.375,PL03qk,KD9ORR,25.479,124.958,PL25,428,239,57,10140150,23,-24,-1,1.3 Kiwi,1,2022-01-01,05:58:00,6900,22632,,8,6900
3761669605,2022-01-01 06:50:00,14,JR2KBA,34.479,136.958,PM84,KD9ORR,25.938000000000002,125.625,PL25tw,1443,46,231,14097189,57,-20,4,2.4.0,1,2022-01-01,06:50:00,1140,3739,,0,1140
3761711896,2022-01-01 07:10:00,14,SWL,36.521,138.125,PM96bm,KD9ORR,25.938000000000002,126.125,PL35bw,1636,41,227,14097174,53,-22,-2,2.12_r3617,1,2022-01-01,07:10:00,1060,3477,,0,1060
3761757174,2022-01-01 07:28:00,10,BV7AU,22.771,120.542,PL02gs,KD9ORR,25.938000000000002,126.125,PL35bw,666,239,56,10140157,23,-25,-1,1.3 Kiwi,1,2022-01-01,07:28:00,6900,22632,,8,6900
3761786989,2022-01-01 07:40:00,10,BV2YD,23.438000000000002,121.375,PL03qk,KD9ORR,25.979,126.875,PL35kx,623,244,61,10140134,53,-23,2,1.3 Kiwi,1,2022-01-01,07:40:00,1060,3477,,0,1060
3764276655,2022-01-01 23:40:00,14,BV7AU,22.771,120.542,PL02gs,KD9ORR,26.771,156.125,QL86bs,3608,271,75,14097055,40,-15,0,1.3 Kiwi,1,2022-01-01,23:40:00,800,2624,,0,800
3764503632,2022-01-02 01:18:00,14,KPH,38.104,-122.958,CM88mc,KD9ORR,26.688000000000002,159.042,QL96mq,7223,58,285,14097098,23,-24,-1,WD_2.10k,1,2022-01-02,01:18:00,6900,22632,,8,6900
3764606587,2022-01-02 01:58:00,14,JJ8NTM,42.354,142.375,QN12ei,KD9ORR,26.479,160.958,RL06,2443,321,130,14097127,23,-24,3,1.3 Kiwi,1,2022-01-02,01:58:00,6900,22632,,8,6900
3764654442,2022-01-02 02:18:00,14,JJ8NTM,42.354,142.375,QN12ei,KD9ORR,26.479,160.958,RL06,2443,321,130,14097044,23,-22,-1,1.3 Kiwi,1,2022-01-02,02:18:00,6900,22632,,8,6900
3764853649,2022-01-02 03:40:00,14,JJ8NTM,42.354,142.375,QN12ei,KD9ORR,26.271,164.542,RL26gg,2695,317,124,14097111,43,-26,1,1.3 Kiwi,1,2022-01-02,03:40:00,860,2821,,0,860
3767533496,2022-01-02 20:40:00,14,KL7L,61.646,-149.292,BP51ip,KD9ORR,15.062999999999999,-177.542,AK15fb,5643,17,216,14097087,43,-17,0,2.5.0,1,2022-01-02,20:40:00,860,2821,,0,860
3767653916,2022-01-02 21:38:00,14,AI6VN/KH6,20.979,-156.542,BL10rx,KD9ORR,14.520999999999999,-177.292,AK14im,2309,69,255,14097129,23,-17,0,WD_3.0a,1,2022-01-02,21:38:00,6900,22632,,8,6900
3767691522,2022-01-02 21:58:00,14,AI6VN/KH6,20.979,-156.542,BL10rx,KD9ORR,14.520999999999999,-177.292,AK14im,2309,69,255,14097047,23,-13,0,WD_3.0a,1,2022-01-02,21:58:00,6900,22632,,8,6900
3767697741,2022-01-02 22:00:00,14,AI6VN/KH6,20.979,-156.542,BL10rx,KD9ORR,14.354000000000001,-177.208,AK14ji,2308,68,254,14097045,43,-16,0,WD_3.0a,1,2022-01-02,22:00:00,860,2821,,0,860
3767734864,2022-01-02 22:20:00,14,AI6VN/KH6,20.979,-156.542,BL10rx,KD9ORR,14.229000000000001,-177.125,AK14kf,2304,68,254,14097099,43,-16,-3,WD_3.0a,1,2022-01-02,22:20:00,860,2821,,0,860
3767780449,2022-01-02 22:40:00,14,AI6VN/KH6,20.979,-156.542,BL10rx,KD9ORR,14.062999999999999,-177.042,AK14lb,2303,68,253,14097188,43,-20,3,WD_3.0a,1,2022-01-02,22:40:00,860,2821,,0,860
3767871964,2022-01-02 23:20:00,14,AI6VN/KH6,20.979,-156.542,BL10rx,KD9ORR,13.812999999999999,-176.875,AK13nt,2297,67,253,14097051,43,-24,0,WD_3.0a,1,2022-01-02,23:20:00,860,2821,,0,860
3767909855,2022-01-02 23:40:00,14,AI6VN/KH6,20.979,-156.542,BL10rx,KD9ORR,13.687999999999999,-176.792,AK13oq,2295,66,252,14097110,43,-19,-4,WD_3.0a,1,2022-01-02,23:40:00,860,2821,,0,860
3768125861,2022-01-03 01:20:00,14,AI6VN/KH6,20.979,-156.542,BL10rx,KD9ORR,13.145999999999999,-176.375,AK13td,2278,65,250,14097108,47,-22,4,WD_3.0a,1,2022-01-03,01:20:00,940,3083,,0,940
3768212441,2022-01-03 02:00:00,14,AI6VN/KH6,20.979,-156.542,BL10rx,KD9ORR,12.937999999999999,-176.208,AK12vw,2272,64,249,14097022,47,-13,1,WD_3.0a,1,2022-01-03,02:00:00,940,3083,,0,940
3768246418,2022-01-03 02:18:00,14,AI6VN/KH6,20.979,-156.542,BL10rx,KD9ORR,12.937999999999999,-176.208,AK12vw,2272,64,249,14097187,23,-27,-1,WD_3.0a,1,2022-01-03,02:18:00,6900,22632,,8,6900
3768306443,2022-01-03 02:48:00,10,AI6VN/KH6,20.979,-156.542,BL10rx,KD9ORR,12.937999999999999,-176.208,AK12vw,2272,64,249,10140128,23,-24,0,WD_3.0a,1,2022-01-03,02:48:00,6900,22632,,8,6900
3768361458,2022-01-03 03:18:00,14,AI6VN/KH6,20.979,-156.542,BL10rx,KD9ORR,12.937999999999999,-176.208,AK12vw,2272,64,249,14097204,23,-19,-3,WD_3.0a,1,2022-01-03,03:18:00,6900,22632,,8,6900
3768418115,2022-01-03 03:48:00,10,AI6VN/KH6,20.979,-156.542,BL10rx,KD9ORR,12.479000000000001,-175.042,AK22,2182,62,247,10140156,23,-27,-4,WD_3.0a,1,2022-01-03,03:48:00,6900,22632,,8,6900
3768421065,2022-01-03 03:50:00,10,AI6VN/KH6,20.979,-156.542,BL10rx,KD9ORR,12.395999999999999,-175.958,AK22aj,2275,63,248,10140155,47,-28,0,WD_3.0a,1,2022-01-03,03:50:00,940,3083,,0,940
3768467599,2022-01-03 04:18:00,10,AI6VN/KH6,20.979,-156.542,BL10rx,KD9ORR,12.354000000000001,-175.875,AK22bi,2269,62,248,10140157,23,-24,0,WD_3.0a,1,2022-01-03,04:18:00,6900,22632,,8,6900
3770449965,2022-01-03 18:28:00,10,AI6VN/KH6,20.979,-156.542,BL10rx,KD9ORR,8.479,-175.042,AJ28,2423,53,237,10140158,23,-22,0,WD_3.0a,1,2022-01-03,18:28:00,6900,22632,,8,6900
3770454509,2022-01-03 18:30:00,10,AI6VN/KH6,20.979,-156.542,BL10rx,KD9ORR,8.396,-175.125,AJ28kj,2435,53,237,10140159,50,-26,0,WD_3.0a,1,2022-01-03,18:30:00,1000,3280,,0,1000
3770492897,2022-01-03 18:48:00,10,AI6VN/KH6,20.979,-156.542,BL10rx,KD9ORR,8.396,-175.125,AJ28kj,2435,53,237,10140157,23,-22,-3,WD_3.0a,1,2022-01-03,18:48:00,6900,22632,,8,6900
3770497885,2022-01-03 18:50:00,10,AI6VN/KH6,20.979,-156.542,BL10rx,KD9ORR,8.312999999999999,-175.125,AJ28kh,2441,53,237,10140156,50,-28,-4,WD_3.0a,1,2022-01-03,18:50:00,1000,3280,,0,1000
3770513501,2022-01-03 18:58:00,10,AI6VN/KH6,20.979,-156.542,BL10rx,KD9ORR,8.312999999999999,-175.125,AJ28kh,2441,53,237,10140157,23,-25,0,WD_3.0a,1,2022-01-03,18:58:00,6900,22632,,8,6900
3770520108,2022-01-03 19:00:00,10,AI6VN/KH6,20.979,-156.542,BL10rx,KD9ORR,8.271,-175.125,AJ28kg,2444,53,237,10140158,50,-24,0,WD_3.0a,1,2022-01-03,19:00:00,1000,3280,,0,1000
3770557164,2022-01-03 19:18:00,10,AI6VN/KH6,20.979,-156.542,BL10rx,KD9ORR,8.229,-175.125,AJ28kf,2447,53,237,10140166,23,-27,-1,WD_3.0a,1,2022-01-03,19:18:00,6900,22632,,8,6900
3770564775,2022-01-03 19:20:00,10,AI6VN/KH6,20.979,-156.542,BL10rx,KD9ORR,8.187999999999999,-175.125,AJ28ke,2449,52,237,10140165,47,-24,0,WD_3.0a,1,2022-01-03,19:20:00,940,3083,,0,940
3770598091,2022-01-03 19:38:00,10,AI6VN/KH6,20.979,-156.542,BL10rx,KD9ORR,8.146,-175.125,AJ28kd,2452,52,237,10140178,23,-27,-2,WD_3.0a,1,2022-01-03,19:38:00,6900,22632,,8,6900
3770637176,2022-01-03 19:58:00,10,AI6VN/KH6,20.979,-156.542,BL10rx,KD9ORR,7.479,-175.042,AJ27,2491,51,235,10140185,23,-30,0,WD_3.0a,1,2022-01-03,19:58:00,6900,22632,,8,6900
3770674753,2022-01-03 20:18:00,10,AI6VN/KH6,20.979,-156.542,BL10rx,KD9ORR,7.938,-175.125,AJ27kw,2467,52,236,10140218,23,-27,0,WD_3.0a,1,2022-01-03,20:18:00,6900,22632,,8,6900
3770698460,2022-01-03 20:30:00,14,VK1FOC/4,-27.104,152.792,QG62jv,KD9ORR,7.854,-175.125,AJ27ku,5201,220,46,14097083,50,-13,0,,1,2022-01-03,20:30:00,1000,3280,,0,1000
3770781196,2022-01-03 21:08:00,14,AI6VN/KH6,20.979,-156.542,BL10rx,KD9ORR,7.854,-175.125,AJ27ku,2472,52,236,14097196,23,-6,0,WD_3.0a,1,2022-01-03,21:08:00,6900,22632,,8,6900
3770787457,2022-01-03 21:10:00,14,AI6VN/KH6,20.979,-156.542,BL10rx,KD9ORR,7.688,-175.208,AJ27jq,2491,52,236,14097196,50,-10,0,WD_3.0a,1,2022-01-03,21:10:00,1000,3280,,0,1000
3770828283,2022-01-03 21:28:00,14,AI6VN/KH6,20.979,-156.542,BL10rx,KD9ORR,7.688,-175.208,AJ27jq,2491,52,236,14097135,23,-8,1,WD_3.0a,1,2022-01-03,21:28:00,6900,22632,,8,6900
3770834008,2022-01-03 21:30:00,14,AI6VN/KH6,20.979,-156.542,BL10rx,KD9ORR,7.604,-175.208,AJ27jo,2497,51,236,14097135,50,-11,-1,WD_3.0a,1,2022-01-03,21:30:00,1000,3280,,0,1000
3770882221,2022-01-03 21:50:00,14,AI6VN/KH6,20.979,-156.542,BL10rx,KD9ORR,7.521,-175.208,AJ27jm,2502,51,235,14097048,50,-16,0,WD_3.0a,1,2022-01-03,21:50:00,1000,3280,,0,1000
3770926123,2022-01-03 22:10:00,14,AI6VN/KH6,20.979,-156.542,BL10rx,KD9ORR,7.438,-175.208,AJ27jk,2508,51,235,14097109,50,-18,2,WD_3.0a,1,2022-01-03,22:10:00,1000,3280,,0,1000
3770939554,2022-01-03 22:18:00,10,AI6VN/KH6,20.979,-156.542,BL10rx,KD9ORR,7.438,-175.208,AJ27jk,2508,51,235,10140275,23,-26,1,WD_3.0a,1,2022-01-03,22:18:00,6900,22632,,8,6900
3771010986,2022-01-03 22:48:00,14,AI6VN/KH6,20.979,-156.542,BL10rx,KD9ORR,7.438,-175.208,AJ27jk,2508,51,235,14097164,23,-16,-3,WD_3.0a,1,2022-01-03,22:48:00,6900,22632,,8,6900
3771018796,2022-01-03 22:50:00,14,AI6VN/KH6,20.979,-156.542,BL10rx,KD9ORR,7.271,-175.292,AJ27ig,2527,51,235,14097162,50,-14,-1,WD_3.0a,1,2022-01-03,22:50:00,1000,3280,,0,1000
3771069269,2022-01-03 23:10:00,14,AI6VN/KH6,20.979,-156.542,BL10rx,KD9ORR,7.188,-175.292,AJ27ie,2533,51,235,14097103,50,-10,0,WD_3.0a,1,2022-01-03,23:10:00,1000,3280,,0,1000
3771105202,2022-01-03 23:28:00,14,VK1FOC/4,-27.104,152.792,QG62jv,KD9ORR,7.188,-175.292,AJ27ie,5133,221,46,14097074,23,-25,-1,,1,2022-01-03,23:28:00,6900,22632,,8,6900
3771117347,2022-01-03 23:30:00,14,AI6VN/KH6,20.979,-156.542,BL10rx,KD9ORR,7.104,-175.292,AJ27ic,2539,51,235,14097020,50,-17,0,WD_3.0a,1,2022-01-03,23:30:00,1000,3280,,0,1000
3771167083,2022-01-03 23:50:00,14,AI6VN/KH6,20.979,-156.542,BL10rx,KD9ORR,7.021,-175.292,AJ27ia,2545,51,235,14097104,50,-9,0,WD_3.0a,1,2022-01-03,23:50:00,1000,3280,,0,1000
3771211621,2022-01-04 00:10:00,14,AI6VN/KH6,20.979,-156.542,BL10rx,KD9ORR,6.938,-175.292,AJ26iw,2551,50,234,14097120,47,-15,0,WD_3.0a,1,2022-01-04,00:10:00,940,3083,,0,940
3771252705,2022-01-04 00:28:00,14,AI6VN/KH6,20.979,-156.542,BL10rx,KD9ORR,6.938,-175.292,AJ26iw,2551,50,234,14097015,23,-22,-2,WD_3.0a,1,2022-01-04,00:28:00,6900,22632,,8,6900
3771310439,2022-01-04 00:50:00,14,AI6VN/KH6,20.979,-156.542,BL10rx,KD9ORR,6.771,-175.375,AJ26hs,2569,50,234,14097186,47,-20,0,WD_3.0a,1,2022-01-04,00:50:00,940,3083,,0,940
3771350501,2022-01-04 01:08:00,14,AI6VN/KH6,20.979,-156.542,BL10rx,KD9ORR,6.771,-175.375,AJ26hs,2569,50,234,14097188,23,-15,-1,WD_3.0a,1,2022-01-04,01:08:00,6900,22632,,8,6900
3771440026,2022-01-04 01:48:00,14,AI6VN/KH6,20.979,-156.542,BL10rx,KD9ORR,6.771,-175.375,AJ26hs,2569,50,234,14097198,23,-21,-1,WD_3.0a,1,2022-01-04,01:48:00,6900,22632,,8,6900
3771446082,2022-01-04 01:50:00,14,AI6VN/KH6,20.979,-156.542,BL10rx,KD9ORR,6.563,-175.458,AJ26gn,2591,50,234,14097200,50,-20,-4,WD_3.0a,1,2022-01-04,01:50:00,1000,3280,,0,1000
3771479329,2022-01-04 02:08:00,14,AI6VN/KH6,20.979,-156.542,BL10rx,KD9ORR,6.563,-175.458,AJ26gn,2591,50,234,14097089,23,-16,0,WD_3.0a,1,2022-01-04,02:08:00,6900,22632,,8,6900
3771520823,2022-01-04 02:28:00,14,AI6VN/KH6,20.979,-156.542,BL10rx,KD9ORR,6.563,-175.458,AJ26gn,2591,50,234,14097031,23,-12,1,WD_3.0a,1,2022-01-04,02:28:00,6900,22632,,8,6900
3771524876,2022-01-04 02:30:00,14,AI6VN/KH6,20.979,-156.542,BL10rx,KD9ORR,6.479,-175.542,AJ26fl,2604,50,234,14097031,47,-12,1,WD_3.0a,1,2022-01-04,02:30:00,940,3083,,0,940
3771543610,2022-01-04 02:40:00,10,AI6VN/KH6,20.979,-156.542,BL10rx,KD9ORR,6.438,-175.542,AJ26fk,2607,50,234,10140192,50,-27,-1,WD_3.0a,1,2022-01-04,02:40:00,1000,3280,,0,1000
3771582844,2022-01-04 03:00:00,10,AI6VN/KH6,20.979,-156.542,BL10rx,KD9ORR,6.396,-175.542,AJ26fj,2610,50,234,10140259,47,-25,-2,WD_3.0a,1,2022-01-04,03:00:00,940,3083,,0,940
3771651814,2022-01-04 03:40:00,10,AI6VN/KH6,20.979,-156.542,BL10rx,KD9ORR,6.313,-175.625,AJ26eh,2623,50,234,10140250,50,-23,1,WD_3.0a,1,2022-01-04,03:40:00,1000,3280,,0,1000
3771680585,2022-01-04 03:58:00,10,AI6VN/KH6,20.979,-156.542,BL10rx,KD9ORR,6.313,-175.708,AJ26dh,2630,50,234,10140156,23,-21,-1,WD_3.0a,1,2022-01-04,03:58:00,6900,22632,,8,6900
3771683143,2022-01-04 04:00:00,10,AI6VN/KH6,20.979,-156.542,BL10rx,KD9ORR,6.271,-175.708,AJ26dg,2633,50,234,10140155,47,-22,0,WD_3.0a,1,2022-01-04,04:00:00,940,3083,,0,940
3773875491,2022-01-04 19:38:00,10,AI6VN/KH6,20.979,-156.542,BL10rx,KD9ORR,5.479,-179.042,AJ05,2976,53,237,10140158,23,-25,-1,WD_3.0a,1,2022-01-04,19:38:00,6900,22632,,8,6900
3773879542,2022-01-04 19:40:00,10,AI6VN/KH6,20.979,-156.542,BL10rx,KD9ORR,5.729,-178.625,AJ05qr,2922,52,237,10140158,47,-25,0,WD_3.0a,1,2022-01-04,19:40:00,940,3083,,0,940
3773952904,2022-01-04 20:18:00,10,AI6VN/KH6,20.979,-156.542,BL10rx,KD9ORR,5.771,-178.625,AJ05qs,2920,53,237,10140156,23,-27,-2,WD_3.0a,1,2022-01-04,20:18:00,6900,22632,,8,6900
3773957068,2022-01-04 20:20:00,10,AI6VN/KH6,20.979,-156.542,BL10rx,KD9ORR,5.771,-178.792,AJ05os,2934,53,237,10140157,50,-26,-1,WD_3.0a,1,2022-01-04,20:20:00,1000,3280,,0,1000
3773972791,2022-01-04 20:28:00,14,AI6VN/KH6,20.979,-156.542,BL10rx,KD9ORR,5.771,-178.792,AJ05os,2934,53,237,14097084,23,-12,0,WD_3.0a,1,2022-01-04,20:28:00,6900,22632,,8,6900
3774052925,2022-01-04 21:08:00,14,AI6VN/KH6,20.979,-156.542,BL10rx,KD9ORR,5.813,-178.875,AJ05nt,2939,53,238,14097153,23,-15,0,WD_3.0a,1,2022-01-04,21:08:00,6900,22632,,8,6900
3774181245,2022-01-04 22:10:00,14,AI6VN/KH6,20.979,-156.542,BL10rx,KD9ORR,5.896,-179.208,AJ05jv,2963,53,238,14097103,50,-11,0,WD_3.0a,1,2022-01-04,22:10:00,1000,3280,,0,1000
3774250112,2022-01-04 22:48:00,14,VK4EMM,-27.104,152.792,QG62jv,KD9ORR,5.938,-179.208,AJ05jw,4751,218,43,14097141,23,-14,0,2.5.2,1,2022-01-04,22:48:00,6900,22632,,8,6900
3774254892,2022-01-04 22:50:00,14,VK4EMM,-27.104,152.792,QG62jv,KD9ORR,5.938,-179.292,AJ05iw,4745,218,43,14097142,50,-18,-4,2.5.2,1,2022-01-04,22:50:00,1000,3280,,0,1000
3774327834,2022-01-04 23:28:00,14,VK4EMM,-27.104,152.792,QG62jv,KD9ORR,6.479,-179.042,AJ06,4809,218,43,14097115,23,-15,0,2.5.2,1,2022-01-04,23:28:00,6900,22632,,8,6900
3774405916,2022-01-05 00:08:00,14,AI6VN/KH6,20.979,-156.542,BL10rx,KD9ORR,6.063,-179.542,AJ06fb,2981,54,239,14097170,23,-21,-4,WD_3.0a,1,2022-01-05,00:08:00,6900,22632,,8,6900
3774408101,2022-01-05 00:10:00,14,AI6VN/KH6,20.979,-156.542,BL10rx,KD9ORR,6.063,-179.542,AJ06fb,2981,54,239,14097170,47,-22,2,WD_3.0a,1,2022-01-05,00:10:00,940,3083,,0,940
3774444408,2022-01-05 00:28:00,14,AI6VN/KH6,20.979,-156.542,BL10rx,KD9ORR,6.063,-179.542,AJ06fb,2981,54,239,14097111,23,-16,0,WD_3.0a,1,2022-01-05,00:28:00,6900,22632,,8,6900
3774450498,2022-01-05 00:30:00,14,AI6VN/KH6,20.979,-156.542,BL10rx,KD9ORR,6.104,-179.625,AJ06ec,2986,54,239,14097106,47,-9,-2,WD_3.0a,1,2022-01-05,00:30:00,940,3083,,0,940
3774484614,2022-01-05 00:48:00,14,AI6VN/KH6,20.979,-156.542,BL10rx,KD9ORR,6.104,-179.625,AJ06ec,2986,54,239,14097030,23,-16,0,WD_3.0a,1,2022-01-05,00:48:00,6900,22632,,8,6900
3774490769,2022-01-05 00:50:00,14,AI6VN/KH6,20.979,-156.542,BL10rx,KD9ORR,6.146,-179.708,AJ06dd,2991,54,239,14097029,47,-18,-2,WD_3.0a,1,2022-01-05,00:50:00,940,3083,,0,940
3774530300,2022-01-05 01:10:00,14,AI6VN/KH6,20.979,-156.542,BL10rx,KD9ORR,6.188,-179.792,AJ06ce,2996,54,240,14097108,47,-14,-1,WD_3.0a,1,2022-01-05,01:10:00,940,3083,,0,940
3774570040,2022-01-05 01:30:00,14,AI6VN/KH6,20.979,-156.542,BL10rx,KD9ORR,6.229,-179.792,AJ06cf,2993,55,240,14097125,50,-15,1,WD_3.0a,1,2022-01-05,01:30:00,1000,3280,,0,1000
3774604120,2022-01-05 01:48:00,14,AI6VN/KH6,20.979,-156.542,BL10rx,KD9ORR,6.229,-179.792,AJ06cf,2993,55,240,14097019,23,-15,0,WD_3.0a,1,2022-01-05,01:48:00,6900,22632,,8,6900
3774609757,2022-01-05 01:50:00,14,AI6VN/KH6,20.979,-156.542,BL10rx,KD9ORR,6.229,-179.875,AJ06bf,3000,55,240,14097021,47,-17,1,WD_3.0a,1,2022-01-05,01:50:00,940,3083,,0,940
3774639256,2022-01-05 02:08:00,14,AI6VN/KH6,20.979,-156.542,BL10rx,KD9ORR,6.229,-179.875,AJ06bf,3000,55,240,14097186,23,-12,4,WD_3.0a,1,2022-01-05,02:08:00,6900,22632,,8,6900
3774643425,2022-01-05 02:10:00,14,AI6VN/KH6,20.979,-156.542,BL10rx,KD9ORR,6.271,-179.958,AJ06ag,3005,55,240,14097187,50,-15,4,WD_3.0a,1,2022-01-05,02:10:00,1000,3280,,0,1000
3774676367,2022-01-05 02:28:00,14,AI6VN/KH6,20.979,-156.542,BL10rx,KD9ORR,6.271,-179.958,AJ06ag,3005,55,240,14097191,23,-21,0,WD_3.0a,1,2022-01-05,02:28:00,6900,22632,,8,6900
3774710978,2022-01-05 02:48:00,14,AI6VN/KH6,20.979,-156.542,BL10rx,KD9ORR,6.479,178.958,RJ96,3091,56,242,14097171,23,-24,-1,WD_3.0a,1,2022-01-05,02:48:00,6900,22632,,8,6900
3774714981,2022-01-05 02:50:00,14,AI6VN/KH6,20.979,-156.542,BL10rx,KD9ORR,6.313,179.958,RJ96xh,3010,55,240,14097171,50,-22,0,WD_3.0a,1,2022-01-05,02:50:00,1000,3280,,0,1000
3774746118,2022-01-05 03:08:00,14,AI6VN/KH6,20.979,-156.542,BL10rx,KD9ORR,6.313,179.958,RJ96xh,3010,55,240,14097204,23,-19,0,WD_3.0a,1,2022-01-05,03:08:00,6900,22632,,8,6900
3774749311,2022-01-05 03:10:00,14,AI6VN/KH6,20.979,-156.542,BL10rx,KD9ORR,6.354,179.875,RJ96wi,3015,55,240,14097205,47,-17,1,WD_3.0a,1,2022-01-05,03:10:00,940,3083,,0,940
3774782454,2022-01-05 03:30:00,14,AI6VN/KH6,20.979,-156.542,BL10rx,KD9ORR,6.396,179.792,RJ96vj,3020,55,240,14097091,47,-26,0,WD_3.0a,1,2022-01-05,03:30:00,940,3083,,0,940
3774811240,2022-01-05 03:50:00,14,VK1FOC/4,-27.104,152.792,QG62jv,KD9ORR,6.396,179.792,RJ96vj,4724,217,41,14097083,47,-11,-1,,1,2022-01-05,03:50:00,940,3083,,0,940
3774840093,2022-01-05 04:08:00,10,AI6VN/KH6,20.979,-156.542,BL10rx,KD9ORR,6.396,179.792,RJ96vj,3020,55,240,10140155,23,-22,0,WD_3.0a,1,2022-01-05,04:08:00,6900,22632,,8,6900
3774853462,2022-01-05 04:20:00,14,VK1FOC/4,-27.104,152.792,QG62jv,KD9ORR,6.438,179.625,RJ96tk,4717,217,41,14097129,50,-9,0,,1,2022-01-05,04:20:00,1000,3280,,0,1000
3774868565,2022-01-05 04:28:00,10,AI6VN/KH6,20.979,-156.542,BL10rx,KD9ORR,6.438,179.625,RJ96tk,3032,55,241,10140167,23,-27,1,WD_3.0a,1,2022-01-05,04:28:00,6900,22632,,8,6900
3776973297,2022-01-05 19:48:00,10,AI6VN/KH6,20.979,-156.542,BL10rx,KD9ORR,7.479,174.958,RJ77,3410,61,248,10140159,23,-27,0,WD_3.0a,1,2022-01-05,19:48:00,6900,22632,,8,6900
3777124043,2022-01-05 20:58:00,14,AI6VN/KH6,20.979,-156.542,BL10rx,KD9ORR,7.146,174.208,RJ77cd,3500,61,248,14097082,23,-16,1,WD_3.0a,1,2022-01-05,20:58:00,6900,22632,,8,6900
3777167180,2022-01-05 21:20:00,14,VK1FOC/4,-27.104,152.792,QG62jv,KD9ORR,7.188,174.042,RJ77ae,4447,210,34,14097173,53,-16,-2,,1,2022-01-05,21:20:00,1060,3477,,0,1060
3777212772,2022-01-05 21:40:00,14,VK1FOC/4,-27.104,152.792,QG62jv,KD9ORR,7.229,173.958,RJ67xf,4446,210,33,14097188,53,-18,-1,,1,2022-01-05,21:40:00,1060,3477,,0,1060
3777262103,2022-01-05 22:00:00,14,AI6VN/KH6,20.979,-156.542,BL10rx,KD9ORR,7.271,173.875,RJ67wg,3525,61,248,14097130,53,-20,1,WD_3.0a,1,2022-01-05,22:00:00,1060,3477,,0,1060
3777380951,2022-01-05 22:58:00,14,AI6VN/KH6,20.979,-156.542,BL10rx,KD9ORR,7.271,173.875,RJ67wg,3525,61,248,14097196,23,-23,0,WD_3.0a,1,2022-01-05,22:58:00,6900,22632,,8,6900
3777417173,2022-01-05 23:18:00,14,VK1FOC/4,-27.104,152.792,QG62jv,KD9ORR,7.271,173.875,RJ67wg,4446,210,33,14097178,23,-25,0,,1,2022-01-05,23:18:00,6900,22632,,8,6900
3777499042,2022-01-06 00:00:00,14,AI6VN/KH6,20.979,-156.542,BL10rx,KD9ORR,7.438,173.292,RJ67pk,3573,62,249,14097115,53,-19,-1,WD_3.0a,1,2022-01-06,00:00:00,1060,3477,,0,1060
3777565108,2022-01-06 00:38:00,14,AI6VN/KH6,20.979,-156.542,BL10rx,KD9ORR,7.479,173.208,RJ67ol,3579,62,249,14097171,23,-24,-2,WD_3.0a,1,2022-01-06,00:38:00,6900,22632,,8,6900
3777571024,2022-01-06 00:40:00,14,AI6VN/KH6,20.979,-156.542,BL10rx,KD9ORR,7.521,173.042,RJ67mm,3593,62,249,14097171,53,-20,1,WD_3.0a,1,2022-01-06,00:40:00,1060,3477,,0,1060
3777606373,2022-01-06 01:00:00,14,AI6VN/KH6,20.979,-156.542,BL10rx,KD9ORR,7.563,172.958,RJ67ln,3599,62,250,14097106,53,-11,2,WD_3.0a,1,2022-01-06,01:00:00,1060,3477,,0,1060
3777678723,2022-01-06 01:40:00,14,AI6VN/KH6,20.979,-156.542,BL10rx,KD9ORR,7.604,172.792,RJ67jo,3613,62,250,14097106,53,-20,-1,WD_3.0a,1,2022-01-06,01:40:00,1060,3477,,0,1060
3777783801,2022-01-06 02:38:00,14,AI6VN/KH6,20.979,-156.542,BL10rx,KD9ORR,7.688,172.708,RJ67iq,3617,63,250,14097187,23,-17,-2,WD_3.0a,1,2022-01-06,02:38:00,6900,22632,,8,6900
3777787622,2022-01-06 02:40:00,14,AI6VN/KH6,20.979,-156.542,BL10rx,KD9ORR,7.688,172.625,RJ67hq,3625,63,250,14097186,57,-21,1,WD_3.0a,1,2022-01-06,02:40:00,1140,3739,,0,1140
3777821371,2022-01-06 02:58:00,14,AI6VN/KH6,20.979,-156.542,BL10rx,KD9ORR,7.688,172.625,RJ67hq,3625,63,250,14097182,23,-20,3,WD_3.0a,1,2022-01-06,02:58:00,6900,22632,,8,6900
3777825249,2022-01-06 03:00:00,14,AI6VN/KH6,20.979,-156.542,BL10rx,KD9ORR,7.688,172.542,RJ67gq,3633,63,250,14097183,53,-19,1,WD_3.0a,1,2022-01-06,03:00:00,1060,3477,,0,1060
3777856714,2022-01-06 03:18:00,14,AI6VN/KH6,20.979,-156.542,BL10rx,KD9ORR,7.688,172.542,RJ67gq,3633,63,250,14097178,23,-19,0,WD_3.0a,1,2022-01-06,03:18:00,6900,22632,,8,6900
3777860450,2022-01-06 03:20:00,14,AI6VN/KH6,20.979,-156.542,BL10rx,KD9ORR,7.729,172.458,RJ67fr,3639,63,250,14097178,53,-22,-1,WD_3.0a,1,2022-01-06,03:20:00,1060,3477,,0,1060
3777929676,2022-01-06 04:00:00,14,AI6VN/KH6,20.979,-156.542,BL10rx,KD9ORR,7.771,172.375,RJ67es,3645,63,250,14097095,53,-24,-3,WD_3.0a,1,2022-01-06,04:00:00,1060,3477,,0,1060
3780285185,2022-01-06 20:20:00,14,VK3KHZ,-37.812,145.292,QF22pe,KD9ORR,9.146,170.292,RJ59dd,5832,205,31,14097142,53,-18,0,1.3 Kiwi,1,2022-01-06,20:20:00,1060,3477,,0,1060
3780330091,2022-01-06 20:38:00,14,ZL2BCI,-40.854,175.125,RE79nd,KD9ORR,9.146,170.292,RJ59dd,5582,175,353,14097130,23,-23,1,1.3 Kiwi,1,2022-01-06,20:38:00,6900,22632,,8,6900
3780425721,2022-01-06 21:18:00,14,AI6VN/KH6,20.979,-156.542,BL10rx,KD9ORR,9.146,170.292,RJ59dd,3786,66,254,14097045,23,-24,-1,WD_3.0a,1,2022-01-06,21:18:00,6900,22632,,8,6900
3780426791,2022-01-06 21:20:00,14,VK1FOC/4,-27.104,152.792,QG62jv,KD9ORR,9.146,170.208,RJ59cd,4447,204,27,14097075,53,-23,0,,1,2022-01-06,21:20:00,1060,3477,,0,1060
3780469544,2022-01-06 21:38:00,14,AI6VN/KH6,20.979,-156.542,BL10rx,KD9ORR,9.146,170.208,RJ59cd,3794,66,254,14097098,23,-23,0,WD_3.0a,1,2022-01-06,21:38:00,6900,22632,,8,6900
3780513853,2022-01-06 21:58:00,14,AI6VN/KH6,20.979,-156.542,BL10rx,KD9ORR,9.146,170.208,RJ59cd,3794,66,254,14097199,23,-23,-4,WD_3.0a,1,2022-01-06,21:58:00,6900,22632,,8,6900
3780516130,2022-01-06 22:00:00,14,AI6VN/KH6,20.979,-156.542,BL10rx,KD9ORR,9.146,170.125,RJ59bd,3803,66,254,14097196,53,-25,-1,WD_3.0a,1,2022-01-06,22:00:00,1060,3477,,0,1060
3780551606,2022-01-06 22:20:00,14,VK1FOC/4,-27.104,152.792,QG62jv,KD9ORR,9.146,170.125,RJ59bd,4443,204,27,14097166,53,-18,0,,1,2022-01-06,22:20:00,1060,3477,,0,1060
3780592491,2022-01-06 22:40:00,14,VK1FOC/4,-27.104,152.792,QG62jv,KD9ORR,9.146,170.042,RJ59ad,4439,204,27,14097079,53,-19,0,,1,2022-01-06,22:40:00,1060,3477,,0,1060
3780636886,2022-01-06 23:00:00,14,AI6VN/KH6,20.979,-156.542,BL10rx,KD9ORR,9.187999999999999,170.042,RJ59ae,3809,66,254,14097110,53,-26,0,WD_3.0a,1,2022-01-06,23:00:00,1060,3477,,0,1060
3780665300,2022-01-06 23:18:00,14,VK1FOC/4,-27.104,152.792,QG62jv,KD9ORR,9.479,168.958,RJ49,4426,203,25,14097146,23,-22,-1,,1,2022-01-06,23:18:00,6900,22632,,8,6900
3780699075,2022-01-06 23:38:00,14,VK1FOC/4,-27.104,152.792,QG62jv,KD9ORR,9.479,168.958,RJ49,4426,203,25,14097196,23,-21,-2,,1,2022-01-06,23:38:00,6900,22632,,8,6900
3780701613,2022-01-06 23:40:00,14,VK1FOC/4,-27.104,152.792,QG62jv,KD9ORR,9.187999999999999,169.958,RJ49xe,4440,204,26,14097195,53,-16,0,,1,2022-01-06,23:40:00,1060,3477,,0,1060
3780732184,2022-01-06 23:58:00,14,VK1FOC/4,-27.104,152.792,QG62jv,KD9ORR,9.187999999999999,169.958,RJ49xe,4440,204,26,14097138,23,-18,0,,1,2022-01-06,23:58:00,6900,22632,,8,6900
3780736944,2022-01-07 00:00:00,14,KA7OEI-1,41.604,-112.292,DN31uo,KD9ORR,9.229,169.958,RJ49xf,8311,49,268,14097104,53,-24,-2,WD_2.10k,1,2022-01-07,00:00:00,1060,3477,,0,1060
3780796962,2022-01-07 00:38:00,14,KA7OEI-1,41.604,-112.292,DN31uo,KD9ORR,9.229,169.875,RJ49wf,8318,49,268,14097101,23,-23,-2,WD_2.10k,1,2022-01-07,00:38:00,6900,22632,,8,6900
3780800591,2022-01-07 00:40:00,14,KA7OEI-1,41.604,-112.292,DN31uo,KD9ORR,9.271,169.875,RJ49wg,8315,49,268,14097102,53,-25,0,WD_2.10k,1,2022-01-07,00:40:00,1060,3477,,0,1060
3780829356,2022-01-07 00:58:00,14,VK1FOC/4,-27.104,152.792,QG62jv,KD9ORR,9.271,169.875,RJ49wg,4444,204,26,14097151,23,-22,-1,,1,2022-01-07,00:58:00,6900,22632,,8,6900
3780937819,2022-01-07 01:58:00,14,AI6VN/KH6,20.979,-156.542,BL10rx,KD9ORR,9.271,169.792,RJ49vg,3831,66,255,14097185,23,-23,3,WD_3.0a,1,2022-01-07,01:58:00,6900,22632,,8,6900
3780940801,2022-01-07 02:00:00,14,AI6VN/KH6,20.979,-156.542,BL10rx,KD9ORR,9.312999999999999,169.708,RJ49uh,3837,66,255,14097190,53,-21,3,WD_3.0a,1,2022-01-07,02:00:00,1060,3477,,0,1060
3780976056,2022-01-07 02:20:00,14,AI6VN/KH6,20.979,-156.542,BL10rx,KD9ORR,9.312999999999999,169.708,RJ49uh,3837,66,255,14097172,53,-24,0,WD_3.0a,1,2022-01-07,02:20:00,1060,3477,,0,1060
3781008275,2022-01-07 02:38:00,14,AI6VN/KH6,20.979,-156.542,BL10rx,KD9ORR,9.312999999999999,169.708,RJ49uh,3837,66,255,14097200,23,-18,-4,WD_3.0a,1,2022-01-07,02:38:00,6900,22632,,8,6900
3781012266,2022-01-07 02:40:00,14,AI6VN/KH6,20.979,-156.542,BL10rx,KD9ORR,9.312999999999999,169.625,RJ49th,3845,66,255,14097197,53,-21,-1,WD_3.0a,1,2022-01-07,02:40:00,1060,3477,,0,1060
3781080338,2022-01-07 03:20:00,14,VK1FOC/4,-27.104,152.792,QG62jv,KD9ORR,9.354,169.542,RJ49si,4438,204,26,14097070,53,-19,-1,,1,2022-01-07,03:20:00,1060,3477,,0,1060
3781117283,2022-01-07 03:40:00,14,AI6VN/KH6,20.979,-156.542,BL10rx,KD9ORR,9.354,169.542,RJ49si,3852,66,255,14097197,53,-21,-1,WD_3.0a,1,2022-01-07,03:40:00,1060,3477,,0,1060
3781212921,2022-01-07 04:38:00,14,VK1FOC/4,-27.104,152.792,QG62jv,KD9ORR,9.354,169.542,RJ49si,4438,204,26,14097107,23,-14,-2,,1,2022-01-07,04:38:00,6900,22632,,8,6900
3783626515,2022-01-07 21:20:00,14,VK1FOC/4,-27.104,152.792,QG62jv,KD9ORR,9.854,166.875,RJ39ku,4381,200,22,14097111,53,-15,-1,,1,2022-01-07,21:20:00,1060,3477,,0,1060
3783680199,2022-01-07 21:40:00,14,VK1FOC/4,-27.104,152.792,QG62jv,KD9ORR,9.896,166.792,RJ39jv,4383,200,22,14097169,53,-19,-2,,1,2022-01-07,21:40:00,1060,3477,,0,1060
3783731326,2022-01-07 22:00:00,14,VK1FOC/4,-27.104,152.792,QG62jv,KD9ORR,9.937999999999999,166.708,RJ39iw,4384,200,21,14097181,53,-13,1,,1,2022-01-07,22:00:00,1060,3477,,0,1060
3783777812,2022-01-07 22:20:00,14,VK1FOC/4,-27.104,152.792,QG62jv,KD9ORR,9.937999999999999,166.708,RJ39iw,4384,200,21,14097161,50,-22,0,,1,2022-01-07,22:20:00,1000,3280,,0,1000
3783865311,2022-01-07 22:58:00,14,VK1FOC/4,-27.104,152.792,QG62jv,KD9ORR,10.479000000000001,166.958,RK30,4450,200,21,14097128,23,-15,-2,,1,2022-01-07,22:58:00,6900,22632,,8,6900
3783953642,2022-01-07 23:40:00,14,VK1FOC/4,-27.104,152.792,QG62jv,KD9ORR,10.062999999999999,166.542,RK30gb,4391,199,21,14097165,53,-21,0,,1,2022-01-07,23:40:00,1060,3477,,0,1060
